,Celulares,Precios sin descuento,Precios con descuento
0,Celular Samsung Galaxy A72 128 GB Azul,$ 74.999,$ 66.999
1,Celular Samsung Galaxy S20FE 128 GB Verde,$ 86.999,$ 76.999
2,Celular LG K52 64 GB Azul,$ 31.999,$ 26.999
3,Celular Motorola E7 32GB Aqua,$ 31.999,$ 21.999
4,Celular LG K51s 64 GB Titanium,$ 24.999,$ 25.999
5,Celular Motorola G100 128 GB Azul,$ 37.999,$ 89.999
6,Celular Alcatel 3H 64 GB Negro,$ 37.999,$ 24.999
7,Celular LG K41S 32GB Titanium,$ 86.999,$ 21.999
8,Celular TCL 20SE 128 GB Gris,$ 31.999,$ 31.999
9,Celular Motorola E6I 32 GB Gris,$ 86.999,$ 17.999
10,Celular Samsung Galaxy A72 128 GB Azul,$ 74.999,$ 66.999
11,Celular Samsung Galaxy S20FE 128 GB Verde,$ 86.999,$ 76.999
12,Celular LG K52 64 GB Azul,$ 31.999,$ 26.999
13,Celular Motorola E7 32GB Aqua,$ 31.999,$ 21.999
14,Celular LG K51s 64 GB Titanium,$ 24.999,$ 25.999
15,Celular Motorola G100 128 GB Azul,$ 37.999,$ 89.999
16,Celular Alcatel 3H 64 GB Negro,$ 31.999,$ 24.999
17,Celular LG K41S 32GB Titanium,$ 74.999,$ 21.999
18,Celular TCL 20SE 128 GB Gris,$ 74.999,$ 31.999
19,Celular Motorola G60S 128GB Azul ,$ 37.999,$ 49.999
20,Celular Samsung Galaxy A72 128 GB Azul,$ 74.999,$ 66.999
21,Celular Samsung Galaxy S20FE 128 GB Verde,$ 86.999,$ 76.999
22,Celular LG K52 64 GB Azul,$ 31.999,$ 26.999
23,Celular Motorola E7 32GB Aqua,$ 31.999,$ 21.999
24,Celular LG K51s 64 GB Titanium,$ 24.999,$ 25.999
25,Celular Motorola G100 128 GB Azul,$ 37.999,$ 89.999
26,Celular Alcatel 3H 64 GB Negro,$ 31.999,$ 24.999
27,Celular LG K41S 32GB Titanium,$ 24.999,$ 21.999
28,Celular TCL 20SE 128 GB Gris,$ 26.999,$ 31.999
29,Celular Samsung Galaxy A72 128 GB Azul,$ 74.999,$ 66.999
30,Celular Samsung Galaxy S20FE 128 GB Verde,$ 86.999,$ 76.999
31,Celular LG K52 64 GB Azul,$ 31.999,$ 26.999
32,Celular Motorola E7 32GB Aqua,$ 31.999,$ 21.999
33,Celular LG K51s 64 GB Titanium,$ 24.999,$ 25.999
34,Celular Motorola G100 128 GB Azul,$ 37.999,$ 89.999
35,Celular Alcatel 3H 64 GB Negro,$ 22.999,$ 24.999
36,Celular LG K41S 32GB Titanium,$ 19.999,$ 21.999
37,Celular TCL 20SE 128 GB Gris,$ 19.999,$ 31.999
38,Celular TCL L7+ 32 GB Negro,$ 24.999,$ 14.499
39,Celular LG K22 Plus 64 GB Titanium,$ 12.499,$ 20.999
40,Celular Samsung Galaxy S21 Plus 128GB Negro,$ 19.999,$ 154.999
41,Celular Samsung Galaxy A72 128 GB Azul,$ 74.999,$ 66.999
42,Celular Samsung Galaxy S20FE 128 GB Verde,$ 86.999,$ 76.999
43,Celular LG K52 64 GB Azul,$ 31.999,$ 26.999
44,Celular Motorola E7 32GB Aqua,$ 31.999,$ 21.999
45,Celular LG K51s 64 GB Titanium,$ 24.999,$ 25.999
46,Celular Motorola G100 128 GB Azul,$ 37.999,$ 89.999
47,Celular Alcatel 3H 64 GB Negro,$ 15.999,$ 24.999
48,Celular LG K41S 32GB Titanium,$ 14.999,$ 21.999
49,Celular TCL 20SE 128 GB Gris,$ 22.969,$ 31.999
50,Celular Samsung Galaxy Z Flip3 128 GB Beige + Cargador Inal치mbrico,$ 5.059,$ 144.999
51,Celular Samsung Galaxy A72 128 GB Azul,$ 74.999,$ 66.999
52,Celular Samsung Galaxy S20FE 128 GB Verde,$ 86.999,$ 76.999
53,Celular LG K52 64 GB Azul,$ 31.999,$ 26.999
54,Celular Motorola E7 32GB Aqua,$ 31.999,$ 21.999
55,Celular LG K51s 64 GB Titanium,$ 24.999,$ 25.999
56,Celular Motorola G100 128 GB Azul,$ 37.999,$ 89.999
57,Celular Alcatel 3H 64 GB Negro,$ 16.999,$ 24.999
58,Celular LG K41S 32GB Titanium,$ 9.659,$ 21.999
59,Celular TCL 20SE 128 GB Gris,$ 24.599,$ 31.999
60,Celular Samsung Galaxy A12 128 GB Negro,$ 33.999,$ 36.999
61,Celular Samsung Galaxy Z FOLD3 5G 256GB Verde,$ 33.999,$ 239.999
62,Celular Libre Samsung Galaxy S21 Plus Plateado,$ 23.117,$ 154.999
63,Celular Samsung Galaxy A72 128 GB Azul,$ 74.999,$ 66.999
64,Celular Samsung Galaxy S20FE 128 GB Verde,$ 86.999,$ 76.999
65,Celular LG K52 64 GB Azul,$ 31.999,$ 26.999
66,Celular Motorola E7 32GB Aqua,$ 31.999,$ 21.999
67,Celular LG K51s 64 GB Titanium,$ 24.999,$ 25.999
68,Celular Motorola G100 128 GB Azul,$ 37.999,$ 89.999
69,Celular Alcatel 3H 64 GB Negro,$ 20.599,$ 24.999
70,Celular LG K41S 32GB Titanium,$ 7.999,$ 21.999
71,Celular TCL 20SE 128 GB Gris,$ 34.940,$ 31.999
72,Celular ZTE Blade A3 Plus 32GB,$ 29.999,$ 14.999
73,Celular Alcatel 1V PLUS 32GB,$ 54.265,$ 15.999
74,Celular Kodak Smartway L2 16 GB Violeta,$ 124.617,$ 13.999
75,Celular Kodak Smartway L2 16 GB Negro,$ 95.999,$ 13.499
76,Celular Samsung Galaxy A72 128 GB Azul,$ 74.999,$ 66.999
77,Celular Samsung Galaxy S20FE 128 GB Verde,$ 86.999,$ 76.999
78,Celular LG K52 64 GB Azul,$ 31.999,$ 26.999
79,Celular Motorola E7 32GB Aqua,$ 31.999,$ 21.999
80,Celular LG K51s 64 GB Titanium,$ 24.999,$ 25.999
81,Celular Motorola G100 128 GB Azul,$ 37.999,$ 89.999
82,Celular Alcatel 3H 64 GB Negro,$ 51.024,$ 24.999
83,Celular LG K41S 32GB Titanium,$ 72.454,$ 21.999
84,Celular TCL 20SE 128 GB Gris,$ 91.573,$ 31.999
85,Celular Xiaomi Redmi 9C 64 GB Midnight Gray,$ 18.490,$ 46.386
86,Celular Xiaomi Poco M3 128 GB Negro,$ 22.999,$ 65.868
87,Celular Xiaomi Poco X3 PRO 128 GB Negro,$ 168.366,$ 83.248
88,Celular Nokia 1.3 16 GB 1 GB RAM Carb칩n ,$ 95.999,$ 16.809
89,Celular Kodak Smartway L1 Pro 16 GB Gris,$ 49.999,$ 12.999
90,Celular Alcatel 1v Plus 32GB Negro + Auricular inal치mbrico,$ 73.129,$ 20.599
91,Celular Xiaomi Poco X3 Pro 8GB 256GB Negro,$ 63.030,$ 117.899
92,Celular Samsung Galaxy A72 128GB Azul + Memoria Kingston 32GB,$ 56.255,$ 86.799
93,Celular Samsung Galaxy A72 128 GB Azul,$ 74.999,$ 66.999
94,Celular Samsung Galaxy S20FE 128 GB Verde,$ 86.999,$ 76.999
95,Celular LG K52 64 GB Azul,$ 31.999,$ 26.999
96,Celular Motorola E7 32GB Aqua,$ 31.999,$ 21.999
97,Celular LG K51s 64 GB Titanium,$ 24.999,$ 25.999
98,Celular Motorola G100 128 GB Azul,$ 37.999,$ 89.999
99,Celular Alcatel 3H 64 GB Negro,$ 72.454,$ 24.999
100,Celular LG K41S 32GB Titanium,$ 68.067,$ 21.999
101,Celular TCL 20SE 128 GB Gris,$ 63.030,$ 31.999
102,Celular Xiaomi Poco M3 128 GB Azul,$ 155.373,$ 65.868
103,Celular Xiaomi Poco M3 128 GB Amarillo,$ 99.967,$ 61.879
104,Celular Xiaomi Redmi Note 9 64 GB Verde,$ 113.399,$ 57.300
105,Celular Xiaomi Mi 10T 128GB Negro,$ 91.573,$ 141.248
106,Celular Xiaomi Poco X3 128 GB Azul,$ 121.794,$ 90.879
107,Celular Xiaomi Poco X3 PRO 256GB AZUL,$ 78.141,$ 103.090
108,Celular Xiaomi Poco X3 PRO 128 GB Azul,$ 136.905,$ 83.248
109,Celular Xiaomi Mi 11 Lite 128GB Azul,$ 51.024,$ 110.722
110,Celular Xiaomi Note 10 64GB Gris,$ 83.760,$ 71.037
111,Celular Samsung Galaxy A72 128 GB Azul,$ 74.999,$ 66.999
112,Celular Samsung Galaxy S20FE 128 GB Verde,$ 86.999,$ 76.999
113,Celular LG K52 64 GB Azul,$ 31.999,$ 26.999
114,Celular Motorola E7 32GB Aqua,$ 31.999,$ 21.999
115,Celular LG K51s 64 GB Titanium,$ 24.999,$ 25.999
116,Celular Motorola G100 128 GB Azul,$ 37.999,$ 89.999
117,Celular Alcatel 3H 64 GB Negro,$ 101.140,$ 24.999
118,Celular LG K41S 32GB Titanium,$ 108.396,$ 21.999
119,Celular TCL 20SE 128 GB Gris,$ 18.490,$ 31.999
120,Xiaomi mi 10t lite 64gb 6gb ram gris,$ 74.999,$ 91.946
121,Celular Xiaomi Mi 11 Lite 64GB Azul,$ 22.999,$ 98.542
122,Celular Nokia 1.3 16 GB 1 GB RAM Cyan,$ 17.999,$ 16.809
123,Celular Samsung Galaxy XCover Pro 64GB Negro,$ 94.931,$ 65.999
124,Celular Smartphone Nokia 2.3 32 Gb 2 Gb Ram Charcoal ,$ 29.999,$ 17.999
125,Celular Smartphone Nokia 1.3 16 Gb 1 Gb Ram Carb칩n ,$ 61.999,$ 13.999
126,Huawei P40 Lite 128gb 6gb Ram Negro,$ 40.657,$ 86.300
127,Celular LG K22 32GB Azul + Memoria MicroSD Kingston 32GB,$ 68.813,$ 24.199
128,"Celular Smartphone 5,5"" Resistente Ruggear RG655 3GB 32GB 13MP Negro + Memoria MicroSD Kingston 32GB",$ 42.673,$ 55.799
129,Celular TCL 20E 128GB Azul ,$ 55.140,$ 31.929
130,Celular Samsung Galaxy A72 128 GB Azul,$ 74.999,$ 66.999
131,Celular Samsung Galaxy S20FE 128 GB Verde,$ 86.999,$ 76.999
132,Celular LG K52 64 GB Azul,$ 31.999,$ 26.999
133,Celular Motorola E7 32GB Aqua,$ 31.999,$ 21.999
134,Celular LG K51s 64 GB Titanium,$ 24.999,$ 25.999
135,Celular Motorola G100 128 GB Azul,$ 37.999,$ 89.999
136,Celular Alcatel 3H 64 GB Negro,$ 127.147,$ 24.999
137,Celular LG K41S 32GB Titanium,$ 105.973,$ 21.999
138,Celular TCL 20SE 128 GB Gris,$ 25.999,$ 31.999
139,Celular Xiaomi Note 10S 6GB 128GB Onyx Gris,$ 28.999,$ 89.099
140,Celular Xiaomi Note 9T 4GB 128GB Negro,$ 31.999,$ 74.199
141,Celular LG K40s 32GB Negro,$ 42.499,$ 21.999
142,Celular LG K22 32GB Azul,$ 28.999,$ 23.199
